,Date,Speed,Altitude,Pressure,X,Y,Z,G,Latitude,Longitude,Heading,Magnetic Field,Sound Level,Luminance,Driver,outlier
356600,50:58.1,9.61,7.122431,1013.8981630000001,0.048798,-0.78891,-0.372025,0.873592,32.659369,-117.11146399999998,239.63995400000002,32.694393,0.0,0.054922000000000006,Daniel,True
356541,50:52.1,12.95,8.026905000000001,1013.774185,0.134018,-0.771957,-0.321411,0.846867,32.659545,-117.11079299999999,240.69326800000002,29.312813000000002,0.0,0.054922000000000006,Daniel,True
355995,49:50.2,19.01,8.653953,1013.493042,-0.0028989999999999997,-0.930557,-0.693466,1.160535,32.661178,-117.108956,156.353622,7.835433999999999,0.0,0.054922000000000006,Daniel,True
355994,49:50.1,19.93,8.852114,1013.493042,-0.025574,-0.9261780000000001,-0.694611,1.157991,32.66135,-117.109,155.263428,8.985797,0.0,0.054922000000000006,Daniel,True
336724,08:19.1,32.57,18.011194,1011.815643,0.039764,-0.767212,-0.36459400000000003,0.850367,32.696487,-117.13590900000001,297.75778199999996,20.952425,0.0,0.008091,Daniel,True
336725,08:19.2,32.720001,18.478906,1011.7861939999999,0.118103,-1.022415,-0.486374,1.13835,32.696678999999996,-117.136183,297.75778199999996,20.952425,0.0,0.008091,Daniel,True
353675,45:33.2,28.610001,10.417722,1013.388367,0.056122000000000005,-0.746292,-0.45718400000000003,0.876994,32.702579,-117.120777,169.39541599999998,9.004644,0.0,0.054922000000000006,Daniel,True
353674,45:33.1,28.870001000000002,10.694853,1013.388367,0.0061189999999999994,-0.704086,-0.414734,0.817178,32.702841,-117.12076599999999,169.39541599999998,9.004644,0.0,0.054922000000000006,Daniel,True
353530,45:17.2,28.73,22.605737,1011.928482,0.02034,-0.6704100000000001,-0.40612800000000004,0.784094,32.706768,-117.120457,178.625443,13.078733,0.0,0.054922000000000006,Daniel,True
353529,45:17.0,28.780001000000002,23.174979,1011.928482,0.045334,-0.736526,-0.396957,0.837915,32.707025,-117.12041,178.625443,13.078733,0.0,0.054922000000000006,Daniel,True
337070,09:09.0,34.470001,11.393686,1012.0997619999999,0.003967,-0.760544,-0.39771999999999996,0.858268,32.707219,-117.147599,347.565918,10.505414,0.0,0.008091,Daniel,True
337071,09:09.2,34.650002,10.622536,1012.0997619999999,0.023911,-0.775864,-0.371002,0.8603360000000001,32.707533000000005,-117.147602,347.565918,10.505414,0.0,0.008091,Daniel,True
353380,45:00.2,27.639999,28.743543,1011.355743,0.030197,-0.768127,-0.423782,0.8777940000000001,32.711108,-117.11921000000001,186.815094,11.395982,0.0,0.054922000000000006,Daniel,True
353379,45:00.0,27.17,28.653994,1011.355743,0.061005,-0.743484,-0.45461999999999997,0.8735959999999999,32.711345,-117.119118,187.865646,15.31846,0.0,0.054922000000000006,Daniel,True
400831,37:32.9,6.17,16.035276,1013.037567,-0.073639,-0.78389,-0.29775999999999997,0.841764,32.715786,-117.16209099999999,346.108948,44.279338,0.0,0.151843,Daniel,True
391600,19:22.1,6.49,9.217969,1013.691101,0.15878299999999998,-1.012375,-0.555756,1.165753,32.715862,-117.16471499999999,169.582367,22.435963,0.0,0.151843,Daniel,True
391599,19:21.9,8.42,9.663164,1013.670959,0.039383,-0.667557,-0.382294,0.77028,32.715924,-117.16472399999999,169.582367,22.435963,0.0,0.151843,Daniel,True
337377,09:45.2,31.190001000000002,17.438171,1011.743698,-0.04158,-0.434784,-0.358551,0.565088,32.717729999999996,-117.147694,347.55896,12.660473,0.0,0.008091,Daniel,True
57748,03:38.1,12.25,15.918348000000002,1013.693924,0.002045,-0.894424,-0.747482,1.165645,32.717789,-117.160274,260.95874,29.648576000000002,0.0,0.0,Erik,True
58117,04:15.1,3.16,15.201604000000001,1013.8485720000001,-0.15007,-0.940903,-0.734222,1.202872,32.718375,-117.162654,263.003448,20.474748,0.0,0.0,Erik,True
144474,50:52.0,2.42,16.756327,1016.685028,0.013199,-0.485291,-0.21254,0.529957,32.718405,-117.16228799999999,260.760529,63.45456899999999,0.0,0.0,Erik,True
144624,51:07.1,3.79,18.038894,1016.4551539999999,-0.16568,-1.0096129999999999,-0.6445310000000001,1.2092100000000001,32.718423,-117.16300700000001,255.180969,53.445797,0.0,0.0,Erik,True
144623,51:07.1,4.25,18.013809,1016.4551539999999,-0.16568,-1.0096129999999999,-0.6445310000000001,1.2092100000000001,32.718429,-117.162973,253.896927,54.026596999999995,0.0,0.0,Erik,True
58256,04:29.0,3.21,18.423813,1013.57254,0.055588,-1.3536219999999999,-0.283112,1.3840290000000002,32.718432,-117.16311100000001,302.677856,28.184044,0.0,0.0,Erik,True
273458,46:23.2,6.87,17.836006,1010.349274,-0.138794,-0.6353,-0.5744319999999999,0.8676649999999999,32.718757000000004,-117.16363799999999,8.448514999999999,27.431116999999997,0.0,0.0,Erik,True
402042,39:56.1,9.56,29.845826000000002,1011.081314,-0.005981,-1.131393,-0.699234,1.330043,32.718802000000004,-117.156663,79.846397,18.473145000000002,0.0,0.151843,Daniel,True
402070,39:59.2,7.23,28.056912,1011.2928009999999,0.072433,-0.699112,-0.517456,0.872791,32.718809,-117.156428,78.78125,18.882691,0.0,0.151843,Daniel,True
273537,46:31.2,6.52,18.870491,1010.6748960000001,0.005737,-1.001724,-0.756775,1.255465,32.718819,-117.163274,51.175663,65.604801,0.0,0.0,Erik,True
273536,46:31.1,6.48,18.602486,1010.6748960000001,0.000458,-1.058838,-0.81134,1.3339459999999999,32.71882,-117.163347,52.275349,64.573753,0.0,0.0,Erik,True
109959,14:58.2,4.57,29.062325,1011.629181,0.145309,-0.666321,-0.46002200000000004,0.822629,32.718862,-117.15666399999999,75.197624,25.966234,0.0,0.0,Erik,True
274086,47:29.1,11.75,27.401375,1009.3517300000001,0.062943,-0.722809,-0.442993,0.850093,32.718864,-117.156462,77.195374,28.435494,0.0,0.0,Erik,True
273457,46:23.1,0.0,16.681214999999998,1010.341263,-0.095444,-0.613159,-0.572021,0.843968,32.719097999999995,-117.163945,7.3164940000000005,29.456799,0.0,0.0,Erik,True
487387,15:44.0,8.91,34.114452,1014.3286130000001,-0.254272,-1.135132,-0.11467000000000001,1.1689,32.721923,-117.163169,93.826965,50.176156,0.0,0.0,Erik,True
337732,10:27.1,29.780001000000002,48.925413,1007.4765779999999,0.12233,-0.962692,-0.590515,1.135979,32.724144,-117.15573,252.19906600000002,40.362017,0.0,0.008091,Daniel,True
62967,53:54.1,10.64,3.256813,1015.663834,0.019211000000000002,-1.141006,-0.039215,1.141842,32.72467,-117.171347,67.916344,48.173918,0.0,0.0,Erik,True
62968,53:54.1,8.12,3.641853,1015.6351470000001,0.102524,-1.13382,0.015854,1.138556,32.724694,-117.17127099999999,67.916344,48.173918,0.0,0.0,Erik,True
65512,58:11.0,8.19,10.270729,1014.9707789999999,0.022308,-1.156387,0.05127,1.157738,32.725103000000004,-117.16996499999999,69.205185,63.767993000000004,0.0,0.0,Erik,True
65513,58:11.1,7.7,10.473274,1014.9707789999999,-0.067291,-1.155624,-0.027908,1.157918,32.72513,-117.169876,69.205185,63.767993000000004,0.0,0.0,Erik,True
97069,19:04.2,17.34,-6.186314,1016.373367,0.607056,-0.9672700000000001,0.32150300000000004,1.1863780000000002,32.727662,-117.180821,265.169586,54.199573,0.0,0.0,Erik,True
96966,18:53.0,16.82,-0.7986979999999999,1016.406555,-0.24941999999999998,-1.079834,0.52713,1.2272399999999999,32.72787,-117.17898000000001,237.070663,45.603871000000005,0.0,0.0,Erik,True
96604,18:12.1,16.110001,11.556189999999999,1016.1563869999999,-0.184082,-1.055161,0.559647,1.208493,32.729387,-117.174301,239.14639300000002,48.009504,0.0,0.0,Erik,True
275082,49:17.1,13.54,43.467171,1007.7056880000001,-0.11088599999999998,-0.731155,-0.9799040000000001,1.227638,32.730713,-117.154431,353.683289,57.289454000000006,0.0,0.0,Erik,True
275083,49:17.2,12.84,43.452248,1007.7056880000001,-0.11088599999999998,-0.731155,-0.9799040000000001,1.227638,32.730821,-117.154422,353.683289,57.289454000000006,0.0,0.0,Erik,True
389899,16:11.1,25.0,26.251656,1011.7523189999999,0.117844,-0.707108,-0.448822,0.8457709999999999,32.730934000000005,-117.17123400000001,132.299118,9.580163,0.0,0.151843,Daniel,True
141136,45:15.1,23.25,45.870979,1013.307266,-0.098389,-0.9039309999999999,-0.747406,1.177025,32.73173,-117.154721,155.312698,19.400813,0.0,0.0,Erik,True
95514,16:07.0,22.110001,6.388496,1014.396362,0.048386,-1.141724,0.5744020000000001,1.278988,32.736348,-117.176276,132.079407,7.8621039999999995,0.0,0.0,Erik,True
338426,11:53.1,34.790001000000004,35.331631,1009.377289,0.017609,-0.648804,-0.575653,0.8675440000000001,32.736771999999995,-117.17603500000001,311.664368,14.772136999999999,0.0,0.008091,Daniel,True
486447,14:03.1,29.75,21.273204999999997,1013.790741,-0.154633,-0.81781,-0.259384,0.871782,32.737454,-117.176915,132.074524,44.076465999999996,0.0,0.0,Erik,True
486232,13:40.1,37.349998,11.571423,1013.445282,0.028777999999999998,-0.740356,-0.263901,0.786511,32.742781,-117.18344099999999,108.19378700000001,67.035599,0.0,0.0,Erik,True
95088,15:18.1,27.950001,18.155525,1013.119659,-0.259094,-1.036942,0.567368,1.210076,32.742983,-117.183908,111.29885900000001,81.917861,0.0,0.0,Erik,True
486143,13:30.1,37.43,5.415905,1013.8726810000001,0.009872,-0.706238,-0.23887600000000003,0.7456079999999999,32.744419,-117.18703300000001,109.20661899999999,71.170934,0.0,0.0,Erik,True
276199,51:16.1,25.67,66.397499,1003.945999,-0.156326,-0.890747,-0.689102,1.136983,32.746238,-117.156522,352.11679100000003,45.272121000000006,0.0,0.0,Erik,True
69017,04:19.0,2.68,90.206593,1005.8702089999999,0.056595000000000006,-1.143173,0.466675,1.236056,32.746846000000005,-117.159548,353.96350099999995,74.788691,0.0,0.0,Erik,True
113613,21:44.0,23.6,68.89518000000001,1005.408401,-0.022934,-1.157394,-0.43454,1.236492,32.74814,-117.155976,4.982153,49.695018,0.0,0.0,Erik,True
69494,05:08.9,22.26,83.240578,1007.437057,-0.16626,-1.25914,0.254456,1.295308,32.751163,-117.158404,14.656506,46.034508,0.0,0.0,Erik,True
403736,43:18.1,25.639999,66.606619,1006.7253109999999,0.113678,-1.066498,-0.5792689999999999,1.218972,32.751968,-117.15613400000001,301.481079,14.803101000000002,0.0,0.151843,Daniel,True
403737,43:18.2,26.08,65.291561,1006.7253109999999,0.12944,-0.9491729999999999,-0.612518,1.137041,32.752125,-117.156347,301.481079,14.803101000000002,0.0,0.151843,Daniel,True
339114,13:13.0,31.969998999999998,18.818826,1011.2792210000001,0.22045900000000002,-1.149521,-0.49279799999999996,1.2699799999999999,32.752717,-117.19861100000001,302.821472,12.182678999999998,0.0,0.008091,Daniel,True
339124,13:14.2,32.07,17.039257,1011.269073,0.074783,-1.072159,-0.505051,1.187516,32.75311,-117.199105,300.798248,17.452303,0.0,0.008091,Daniel,True
69649,05:25.0,23.959999,64.893532,1010.3752900000001,-0.048752,-0.840469,0.131744,0.8521280000000001,32.754242,-117.157999,336.76358,76.08054200000001,0.0,0.0,Erik,True
11404,49:36.0,12.64,115.09084399999999,1001.7111970000001,-0.032394,-1.0420989999999999,-0.590683,1.198301,32.757236999999996,-117.123636,79.665993,24.450187,0.0,0.10490799999999999,Daniel,True
11371,49:32.2,12.95,115.04829199999999,1001.639328,0.050873,-1.123306,-0.298615,1.163433,32.757243,-117.124178,79.665993,24.450187,0.0,0.10490799999999999,Daniel,True
11309,49:24.3,12.69,115.617033,1001.5774539999999,-0.070877,-0.671768,-0.432358,0.802016,32.757245000000005,-117.12513799999999,79.665993,24.450187,0.0,0.10490799999999999,Daniel,True
11308,49:24.2,12.75,115.847637,1001.5774539999999,0.11955299999999999,-1.031097,-0.464066,1.137019,32.757253000000006,-117.12528,79.665993,24.450187,0.0,0.10490799999999999,Daniel,True
445758,36:19.1,29.32,9.889778,1010.9309390000001,-0.00351,0.495087,-1.0525209999999998,1.163152,32.75982,-117.180877,83.789948,14.321676,78.852448,0.0,Naazneen,True
446498,37:33.0,17.84,8.0592,1010.597916,0.003235,0.374023,-0.77623,0.861648,32.760045,-117.203176,127.3554,44.997029,84.961487,0.0,Naazneen,True
446039,36:47.2,0.0,7.881844,1011.316833,0.06362899999999999,0.30140700000000004,-0.413239,0.515423,32.760116,-117.19061,93.931442,12.486346000000001,78.892944,0.0,Naazneen,True
446069,36:50.1,31.98,8.188025999999999,1011.3130189999999,-0.006714,0.414322,-0.731812,0.840985,32.760209,-117.191299,94.941521,14.065520999999999,82.340591,0.0,Naazneen,True
446070,36:50.2,32.040001000000004,8.15757,1011.3130189999999,0.055480999999999996,0.38591,-1.083633,1.151636,32.760258,-117.19162,94.941521,14.065520999999999,79.884041,0.0,Naazneen,True
93991,13:13.9,32.41,17.911903,1013.6409,0.032761,-0.7789149999999999,-0.354477,0.856409,32.760333,-117.199726,250.88439900000003,37.218315000000004,0.0,0.0,Erik,True
485526,12:23.2,38.25,6.803539,1015.441742,-0.018631,-0.798767,-0.284134,0.848002,32.760442,-117.20433200000001,156.519562,64.254008,0.0,0.0,Erik,True
446149,36:58.2,2.187262,8.843013000000001,1011.324005,-0.374512,0.125,-0.6342770000000001,0.7471220000000001,32.760571,-117.19394,160.73147600000001,47.159793,80.00374599999999,0.0,Naazneen,True
444838,34:47.1,0.0,7.936623,1011.550217,0.046738,0.35436999999999996,-0.747772,0.82881,32.763397999999995,-117.170074,5.136014,46.110123,69.597443,0.0,Naazneen,True
136968,38:15.1,26.6,15.108345000000002,1017.080383,0.017059,-1.013077,-0.6002810000000001,1.17769,32.768126,-117.162277,187.41922,15.29485,0.0,0.0,Erik,True
350785,40:07.1,20.629998999999998,52.565923,1008.6155699999999,-0.062561,-0.8914340000000001,-1.053848,1.381725,32.769476,-117.130508,139.307968,7.820554,0.0,0.054922000000000006,Daniel,True
199586,25:20.1,3.47,71.108131,0.0,0.077271,-0.7852020000000001,-0.089264,0.794028,32.770534000000005,-117.18874699999999,75.09335300000001,35.06348,0.0,0.06514,Zhisen,True
240030,25:07.2,9.83,66.417824,0.0,-0.22799699999999998,-1.140732,-0.32447800000000004,1.207699,32.770563,-117.188681,252.021088,19.96115,80.740143,0.06227100000000001,Zhisen,True
239900,24:54.2,5.78,65.70444499999999,0.0,0.027908,-0.7918850000000001,-0.076645,0.796075,32.770902,-117.187757,251.94656400000002,19.668124,74.97847,0.061145000000000005,Zhisen,True
199815,25:43.0,8.0,71.11545600000001,0.0,0.530502,-1.172867,-0.632278,1.434164,32.771089,-117.187269,31.968521000000003,36.787318,0.0,0.06514,Zhisen,True
199816,25:43.1,7.81,71.642677,0.0,0.106064,-1.027985,-0.660812,1.226652,32.771137,-117.187206,30.874844,36.748955,0.0,0.06514,Zhisen,True
201437,28:25.2,14.3,85.335243,0.0,0.125717,-0.8088989999999999,-0.067719,0.821406,32.771588,-117.178397,101.927925,35.641971999999996,0.0,0.06514,Zhisen,True
200787,27:20.2,14.09,67.07126600000001,0.0,0.024612000000000002,-0.8205110000000001,-0.125519,0.830421,32.771728,-117.184959,90.159622,35.756788,0.0,0.06514,Zhisen,True
1212,47:14.0,36.0,47.752968,1009.670486,0.109207,-1.0263209999999998,-0.545349,1.167334,32.772782,-117.13248700000001,316.344208,161.032515,0.0,0.073652,Daniel,True
201676,28:49.1,14.24,89.829567,0.0,0.12008699999999999,-1.260895,0.072006,1.268645,32.773603,-117.175604,43.691334000000005,37.396334,0.0,0.06514,Zhisen,True
238259,22:10.1,11.67,86.657448,0.0,-0.069687,-0.902496,-0.734436,1.1656549999999999,32.773934999999994,-117.175285,234.71014399999999,21.309509,72.17227199999999,0.059881,Zhisen,True
447059,38:29.2,0.0,5.944332,1011.214905,-0.031586,0.388779,-1.156403,1.220415,32.774745,-117.20796000000001,176.032623,19.029351000000002,85.183784,0.0,Naazneen,True
201875,29:09.0,10.26,93.787758,0.0,-0.0063479999999999995,-1.158249,-0.119736,1.164439,32.775242999999996,-117.173671,3.3404269999999996,38.370948,0.0,0.06514,Zhisen,True
201876,29:09.1,11.18,94.111488,0.0,0.040665,-1.190231,0.09524500000000001,1.194728,32.775319,-117.17361299999999,2.3304009999999997,38.570337,0.0,0.06514,Zhisen,True
447169,38:40.1,34.580002,7.006283,1011.237106,0.12365699999999999,0.33615100000000003,-0.793686,0.870762,32.777921,-117.208473,186.36235,22.020623,76.754738,0.0,Naazneen,True
237910,21:35.2,17.190001000000002,102.25766800000001,0.0,0.117523,-1.176468,-0.085449,1.1854069999999999,32.778758,-117.17302,189.042496,22.532628,76.61590600000001,0.045079,Zhisen,True
237909,21:35.1,17.23,99.753883,0.0,0.155136,-1.105469,-0.22055100000000002,1.13788,32.778923,-117.17300300000001,189.042496,22.532628,75.714386,0.042982,Zhisen,True
458585,21:39.0,6.23,160.76034199999998,995.881042,0.146301,-1.153793,0.024796000000000002,1.1632959999999999,32.779497,-117.03995900000001,358.5289,64.500812,0.0,0.0,Erik,True
447259,38:49.2,0.0,6.841824000000001,1011.282272,-0.046539,0.30551100000000003,-1.182648,1.222358,32.781057000000004,-117.208165,197.673569,23.023985,82.125504,0.0,Naazneen,True
459868,23:57.0,5.14,166.658657,994.8555759999999,-0.307327,-0.788788,-0.093155,0.8516540000000001,32.78151,-117.040327,87.416092,20.739145,0.0,0.0,Erik,True
202316,29:53.1,13.57,109.279274,0.0,-0.1138,-1.1906889999999999,0.068954,1.198101,32.781665999999994,-117.172491,341.214691,40.256433,0.0,0.06514,Zhisen,True
447308,38:54.1,0.0,6.642544,1011.3636779999999,-0.029693999999999998,0.23312399999999997,-0.770157,0.805214,32.782231,-117.207995,198.67605600000002,23.268978,78.00505799999999,0.0,Naazneen,True
447309,38:54.1,0.0,6.605678999999999,1011.3636779999999,-0.069839,0.330185,-1.140244,1.1891399999999999,32.782739,-117.20788700000001,198.67605600000002,23.268978,77.90213,0.0,Naazneen,True
202636,30:25.1,10.7,110.226906,0.0,0.035751,-0.655853,-0.158005,0.675564,32.783524,-117.171672,336.13989300000003,38.898509000000004,0.0,0.06514,Zhisen,True
202637,30:25.2,12.35,110.15335800000001,0.0,-0.112976,-0.828644,0.014832,0.836441,32.783631,-117.17161999999999,336.13989300000003,38.898509000000004,0.0,0.06514,Zhisen,True
237369,20:41.1,8.01,106.05735,0.0,-0.11665299999999999,-0.35531599999999997,-0.08638,0.383822,32.784159,-117.171489,205.281204,22.850542,87.13665,0.046325,Zhisen,True
202687,30:30.2,15.85,110.26963,0.0,-0.136154,-0.741821,-0.27816799999999997,0.803874,32.784240999999994,-117.17133899999999,336.13989300000003,38.898509000000004,0.0,0.06514,Zhisen,True
6919,41:16.2,15.0,111.521647,1001.72699,0.109421,-0.6314850000000001,-0.553024,0.846512,32.785955,-117.14516,186.050034,55.47309,0.0,0.10490799999999999,Daniel,True
203196,31:21.1,15.66,107.19016299999998,0.0,-0.047729,-1.156281,-0.14868199999999998,1.166777,32.787274,-117.169816,343.339966,38.370783,0.0,0.06514,Zhisen,True
204127,32:54.2,12.56,108.83780700000001,0.0,0.075989,-0.848984,-0.15625,0.8665809999999999,32.791779,-117.165567,348.628113,37.249139,0.0,0.06514,Zhisen,True
204277,33:09.2,16.129998999999998,108.35367600000001,0.0,-0.21858200000000003,-0.496017,-0.105103,0.552139,32.793359,-117.16401699999999,348.628113,37.249139,0.0,0.06514,Zhisen,True
348388,35:35.1,17.879998999999998,123.576719,1000.0547029999999,0.015411000000000001,-0.683884,-0.49183699999999997,0.842519,32.795812,-117.143826,193.852646,53.534849,0.0,0.054922000000000006,Daniel,True
348387,35:35.0,17.73,123.452773,1000.0547029999999,-0.020065,-0.751678,-0.41995200000000005,0.861268,32.795958,-117.14374199999999,193.852646,53.534849,0.0,0.054922000000000006,Daniel,True
405445,46:25.1,26.049999,113.115127,1001.4151,0.07147200000000001,-0.7367100000000001,-0.46592700000000004,0.874607,32.796267,-117.15716699999999,5.983003,10.092661999999999,0.0,0.151843,Daniel,True
405446,46:25.2,26.4,113.91504099999999,1001.4151,0.037445,-0.786728,-0.282928,0.836894,32.796494,-117.15708300000001,5.983003,10.092661999999999,0.0,0.151843,Daniel,True
204736,33:55.1,16.33,109.98069,0.0,-0.08677699999999999,-1.137756,0.014832,1.141157,32.797323,-117.16021200000002,342.365936,38.515411,0.0,0.06514,Zhisen,True
204737,33:55.2,16.85,109.87723500000001,0.0,0.128937,-1.168304,-0.029144,1.175759,32.797451,-117.160114,342.365936,38.515411,0.0,0.06514,Zhisen,True
447868,39:50.0,31.120001000000002,10.389828,1010.9313960000001,0.015671,0.337219,-0.801529,0.869719,32.798528000000005,-117.210375,171.293945,20.458922,78.40169499999999,0.0,Naazneen,True
340533,16:06.0,18.34,3.570266,1014.5243839999999,-0.009033,-0.777954,-0.307693,0.836642,32.798907,-117.21056200000001,300.00451699999996,26.641878000000002,0.0,0.008091,Daniel,True
447929,39:56.1,30.049999,11.283717999999999,1010.677032,-0.07862899999999999,0.331085,-0.757034,0.83,32.800098,-117.21114399999999,178.481277,11.076253999999999,76.69339000000001,0.0,Naazneen,True
447930,39:56.2,30.120001000000002,11.351833000000001,1010.677032,-0.039368,0.43525699999999995,-1.049423,1.136788,32.800375,-117.211256,178.481277,11.076253999999999,80.880325,0.0,Naazneen,True
205036,34:25.1,1.64,115.186104,0.0,-0.077591,-0.820465,-0.289932,0.8736379999999999,32.800606,-117.15822,340.084991,40.186753,0.0,0.06514,Zhisen,True
322087,25:44.2,11.93,128.53796200000002,1000.281372,-0.318161,-1.0322719999999999,-0.406326,1.1540860000000002,32.802735999999996,-116.96338200000001,54.313873,19.228946,0.0,0.016978999999999998,Daniel,True
327066,35:35.2,22.73,148.333956,998.209457,0.159592,-0.797195,-0.299591,0.866455,32.803308,-116.938827,255.06366,22.053036,0.0,0.016978999999999998,Daniel,True
327065,35:35.1,22.25,148.60245,998.209457,0.12098699999999998,-1.05986,-0.47857700000000003,1.169178,32.803315999999995,-116.938589,255.06366,22.053036,0.0,0.016978999999999998,Daniel,True
326842,35:08.1,11.37,144.696129,998.6307529999999,-0.050766000000000006,-0.6681520000000001,-0.415253,0.7883140000000001,32.804279,-116.935806,170.81561299999998,21.718697,0.0,0.016978999999999998,Daniel,True
448130,40:16.2,31.15,16.943645,1009.9649810000001,-0.071121,0.401398,-1.084335,1.158431,32.805389,-117.214303,173.46409599999998,12.661385000000001,79.588768,0.0,Naazneen,True
371712,54:16.1,0.24,122.73874199999999,999.855957,-0.376862,-0.080185,-0.595932,0.7096399999999999,32.80542,-117.142628,159.15631100000002,40.888090999999996,0.0,0.123019,Daniel,True
371557,53:57.2,0.96,122.22138899999999,999.8906710000001,0.713379,1.194855,0.5349430000000001,1.490889,32.805428000000006,-117.142669,249.928284,39.035063,0.0,0.123019,Daniel,True
26936,40:24.2,0.24,124.765327,1002.298431,-0.22141999999999998,0.8289489999999999,0.17724600000000001,0.876128,32.805519,-117.142618,261.664307,114.96048300000001,0.0,0.109825,Daniel,True
371392,53:36.9,0.54,122.29008,999.9004359999999,0.148697,1.055847,0.472473,1.1662569999999999,32.805597,-117.14273899999999,326.10992400000003,39.072832,0.0,0.123019,Daniel,True
369750,50:23.1,1.09,121.87471799999999,999.9673460000001,0.297516,0.705719,0.17984,0.7867,32.805667,-117.142769,100.562744,38.427099,0.0,0.123019,Daniel,True
369811,50:30.1,0.17,122.62693999999999,999.954834,0.087921,1.488586,0.295212,1.520122,32.805719,-117.142748,177.365005,36.070025,0.0,0.123019,Daniel,True
205526,35:23.2,17.77,134.214058,0.0,0.024338,-0.8279569999999999,-0.174896,0.846578,32.806005,-117.15508899999999,338.82782000000003,40.090435,0.0,0.06514,Zhisen,True
205550,35:26.0,15.61,135.95728300000002,0.0,-0.058166999999999996,-1.36264,-0.127502,1.369828,32.806236,-117.15495800000001,338.82782000000003,40.090435,0.0,0.06514,Zhisen,True
448189,40:22.1,30.16,20.604412,1009.680099,-0.114273,0.499741,-1.085281,1.200264,32.806490999999994,-117.215248,170.409302,13.75317,82.263641,0.0,Naazneen,True
386589,10:17.1,27.629998999999998,18.171081,1012.393341,0.013244999999999998,-0.726013,-0.44811999999999996,0.8532770000000001,32.806509000000005,-117.215857,132.71856699999998,42.373369,0.0,0.151843,Daniel,True
386588,10:17.1,27.58,18.457023,1012.393341,0.040344,-0.633392,-0.42575100000000005,0.764249,32.806709000000005,-117.216026,132.71856699999998,42.373369,0.0,0.151843,Daniel,True
484198,09:55.3,35.740002000000004,19.471660999999997,1014.26796,0.049225,-0.833466,-0.26556399999999997,0.876135,32.806779999999996,-117.215952,133.42923000000002,55.427719999999994,0.0,0.0,Erik,True
386570,10:15.0,27.950001,18.157261,1012.559128,0.06599400000000001,-0.768845,-0.169159,0.789995,32.807116,-117.216373,132.71856699999998,42.373369,0.0,0.151843,Daniel,True
303692,02:43.1,15.97,37.037282,1011.162949,0.118683,-0.974045,-0.5746,1.137108,32.807271,-117.077923,237.710327,36.292308,0.0,0.016978,Daniel,True
328046,37:17.1,22.91,131.82173999999998,1000.01358,0.05661,-0.697205,-0.44722,0.8302440000000001,32.80747,-116.961735,348.522308,17.522944,0.0,0.016978999999999998,Daniel,True
342819,22:41.7,7.36,49.40079,1009.065323,-0.09465,-0.903595,-0.8589319999999999,1.250283,32.807544,-117.237408,244.65939300000002,35.462540000000004,0.0,0.008091,Daniel,True
342818,22:41.5,7.66,49.077238,1009.03038,-0.019257,-0.72319,-0.47544899999999995,0.8656940000000001,32.807559999999995,-117.237328,245.69595299999997,35.653911,0.0,0.008091,Daniel,True
328047,37:17.2,22.84,131.75977,1000.01358,0.07785,-0.766388,-0.405579,0.870577,32.807673,-116.961726,348.522308,17.522944,0.0,0.016978999999999998,Daniel,True
342507,21:10.1,18.620001000000002,30.878505999999998,1011.384048,0.064346,-1.023254,-0.493729,1.1379620000000001,32.808128,-117.227501,270.897919,31.271691999999998,0.0,0.008091,Daniel,True
342508,21:10.4,18.610001,32.016945,1011.384048,0.093338,-0.62059,-0.44346599999999997,0.7684439999999999,32.808168,-117.22769,270.897919,31.271691999999998,0.0,0.008091,Daniel,True
115650,25:40.0,31.92,118.173103,999.9997710000001,-0.02037,-0.745346,-0.40684499999999996,0.849399,32.808375,-117.152781,5.825361,27.622093,0.0,0.0,Erik,True
115651,25:40.1,31.860001,118.11170200000001,999.9997710000001,0.014679,-0.673141,-0.5204770000000001,0.851018,32.808640999999994,-117.152677,5.825361,27.622093,0.0,0.0,Erik,True
233556,13:54.2,21.700001,80.446968,0.0,-0.028793,-1.153442,-0.166245,1.1657170000000001,32.808717,-117.17653200000001,176.759109,24.134029,0.0,0.083284,Zhisen,True
342635,21:56.0,10.52,52.552009,1008.916168,-0.018982,-1.2014770000000001,-0.34906,1.251299,32.808831,-117.23167099999999,245.696777,38.874556,0.0,0.008091,Daniel,True
448309,40:34.1,32.709998999999996,21.420025,1009.739304,-0.06686399999999999,0.518738,-1.33371,1.432599,32.809233,-117.217605,171.40947,13.610930999999999,89.071274,0.0,Naazneen,True
345573,28:36.2,1.29,20.401804000000002,1012.845459,-0.267212,-0.655792,-0.2686,0.757372,32.809249,-117.26588899999999,94.499092,39.451551,0.0,0.008091,Daniel,True
345567,28:35.3,1.05,20.256481,1012.8435519999999,-0.012573,-0.42707799999999996,-0.765671,0.876816,32.809284000000005,-117.265919,118.823509,42.590538,0.0,0.008091,Daniel,True
345779,29:05.1,1.32,21.019731,1012.900848,0.06150800000000001,-0.449371,-0.72139,0.8521270000000001,32.809405,-117.266051,270.174347,48.994543,0.0,0.008091,Daniel,True
345780,29:05.1,1.32,21.10456,1012.900848,0.06150800000000001,-0.449371,-0.72139,0.8521270000000001,32.809411,-117.26606100000001,268.838257,48.729546,0.0,0.008091,Daniel,True
345909,29:20.1,1.1,21.406103,1012.884293,0.053635,-0.556442,-1.143433,1.2727700000000002,32.809435,-117.266125,269.85022000000004,47.493294,0.0,0.008091,Daniel,True
435652,44:29.2,4.65,122.85023100000001,1002.5262449999999,0.267776,-0.686096,-0.322357,0.8039569999999999,32.809569,-117.144503,336.341614,53.277091000000006,0.0,0.119064,Daniel,True
29690,21:02.1,6.28,121.06058300000001,1004.4748689999999,0.28436300000000003,-0.626007,-0.35896300000000003,0.77563,32.809629,-117.144516,336.901703,55.648972,84.342148,0.108547,Daniel,True
409516,54:01.0,10.52,122.451523,1000.346756,0.095886,-0.7823640000000001,-0.278458,0.835958,32.810145,-117.15088600000001,12.470885,7.35455,0.0,0.151843,Daniel,True
484067,09:41.2,36.009997999999996,14.435985999999998,1015.069199,-0.020493,-1.085587,-0.509521,1.199387,32.81049,-117.219007,135.439804,38.748875,0.0,0.0,Erik,True
484030,09:37.3,36.209998999999996,13.597423999999998,1015.1009369999999,0.07743799999999999,-1.096252,-0.537872,1.223549,32.811596,-117.219858,136.500153,40.381575,0.0,0.0,Erik,True
484029,09:37.1,36.540001000000004,14.578197,1015.1009369999999,0.079498,-1.2056879999999999,-0.46832299999999993,1.29589,32.811859000000005,-117.22009399999999,136.500153,40.381575,0.0,0.0,Erik,True
206244,36:47.1,11.18,121.463326,0.0,0.131073,-1.129883,-0.1604,1.148714,32.813247,-117.15263,317.045105,43.804009,0.0,0.06514,Zhisen,True
233230,13:10.3,18.690001000000002,94.46826899999999,0.0,-0.014511000000000001,-0.782593,-0.297867,0.8374879999999999,32.814538,-117.179543,168.015793,21.772538,0.0,0.083284,Zhisen,True
321299,24:21.0,25.030001000000002,121.31425700000001,1000.854416,0.177002,-0.9703219999999999,-0.5715640000000001,1.139973,32.814926,-116.96156200000001,182.041107,19.316349,0.0,0.016978999999999998,Daniel,True
328420,37:55.0,25.370001000000002,124.76596699999999,1000.8659359999999,0.18663,-1.051788,-0.388916,1.136814,32.816190999999996,-116.96085,1.773098,22.025498000000002,0.0,0.016978999999999998,Daniel,True
328421,37:55.1,25.73,122.288374,1000.8690640000001,0.18663,-1.051788,-0.388916,1.136814,32.816421999999996,-116.960792,1.773098,22.025498000000002,0.0,0.016978999999999998,Daniel,True
121410,36:30.2,0.62,122.245552,1001.0958099999999,0.751053,-0.5432279999999999,-0.822311,1.2391020000000001,32.81927,-117.14879099999999,21.754692000000002,71.065026,0.0,0.0,Erik,True
232783,12:09.3,10.78,111.832649,0.0,0.26738,-1.428741,-0.354126,1.496061,32.820341,-117.182556,168.05429099999998,23.318282999999997,0.0,0.083284,Zhisen,True
437199,47:50.3,15.14,126.26703899999998,1001.907806,0.062073,-1.015854,-0.574509,1.1687049999999999,32.820485999999995,-117.15501499999999,348.072784,22.391012,0.0,0.119064,Daniel,True
232775,12:08.2,9.34,111.303169,0.0,-0.340027,-1.251984,-0.171112,1.3085719999999998,32.820594,-117.182682,168.05429099999998,23.318282999999997,0.0,0.083284,Zhisen,True
206916,37:56.3,12.42,124.025276,0.0,-0.427704,-1.426208,-0.037491000000000003,1.4894319999999999,32.820645,-117.155073,319.690674,43.541219,0.0,0.06514,Zhisen,True
232755,12:05.3,10.68,111.19391599999999,0.0,-0.07281499999999999,-0.802078,-0.24711599999999997,0.8424360000000001,32.820757,-117.182767,168.05429099999998,23.318282999999997,0.0,0.083284,Zhisen,True
232754,12:05.2,11.42,111.194832,0.0,-0.065338,-0.861298,-0.134186,0.8741329999999999,32.820849,-117.182814,168.05429099999998,23.318282999999997,0.0,0.083284,Zhisen,True
448799,41:23.1,33.919998,23.628063,1009.53392,-0.176285,0.161591,-0.768509,0.804856,32.821406,-117.22753999999999,166.75608799999998,16.719393,88.509689,0.0,Naazneen,True
364961,40:44.2,10.4,124.34095500000001,999.8790740000001,0.21330300000000002,-1.052078,-0.381821,1.139365,32.821732,-117.148591,87.343925,21.37643,0.0,0.123019,Daniel,True
364960,40:44.0,9.22,123.78634299999999,999.8790740000001,0.266006,-1.096375,-0.337097,1.177468,32.821743,-117.148698,88.43006899999999,21.321538,0.0,0.123019,Daniel,True
23133,32:08.1,8.97,129.472451,1001.374664,0.185074,-1.1102450000000001,-0.38163800000000003,1.188505,32.822321,-117.127527,167.444031,54.26041800000001,0.0,0.109825,Daniel,True
332657,46:09.2,29.440001000000002,197.753264,991.27449,0.057616999999999995,-0.673813,-0.535629,0.8626950000000001,32.823408,-117.043609,194.08461,22.325395,0.0,0.016978999999999998,Daniel,True
437409,48:18.1,8.36,126.43965,1002.006454,0.054825,-1.0617370000000002,-0.501053,1.175306,32.823603000000006,-117.155143,345.94424399999997,21.849712,0.0,0.119064,Daniel,True
437410,48:18.1,8.12,126.408406,1002.006454,0.054825,-1.0617370000000002,-0.501053,1.175306,32.823679999999996,-117.155146,345.94424399999997,21.849712,0.0,0.119064,Daniel,True
208285,40:29.0,23.26,118.27961,0.0,-0.347458,-1.4159549999999999,0.336411,1.496271,32.824992,-117.16411200000002,314.34845,46.223345,0.0,0.06514,Zhisen,True
208286,40:29.1,23.040001,118.01368000000001,0.0,-0.09082,-1.269089,-0.16828900000000002,1.283416,32.825158,-117.16423700000001,314.34845,46.223345,0.0,0.06514,Zhisen,True
32959,26:29.0,9.73,125.163435,1004.188766,0.164963,-1.08786,-0.513763,1.2143329999999999,32.827396,-117.142932,16.434248,19.708622000000002,85.82940699999999,0.143784,Daniel,True
32960,26:29.1,10.4,125.214128,1004.188766,0.11918599999999999,-1.024231,-0.48558,1.139756,32.827481,-117.14288400000001,16.434248,19.708622000000002,84.0009,0.147052,Daniel,True
34060,28:19.1,14.07,129.90697600000001,1003.3086400000001,0.040633999999999997,-1.148514,-0.08252000000000001,1.152191,32.829164,-117.129176,87.071541,21.251893,88.850121,0.117557,Daniel,True
18986,24:55.0,34.580002,112.405736,1002.794647,-0.716553,0.073318,-0.456604,0.852825,32.830269,-117.16743400000001,230.468246,10.735559,0.0,0.0,Daniel,True
18987,24:55.1,34.619999,112.316648,1002.794647,-0.716553,0.073318,-0.456604,0.852825,32.830546999999996,-117.16761000000001,230.468246,10.735559,0.0,0.0,Daniel,True
483348,08:22.1,36.650002,43.802746,1011.6220089999999,0.013336,-0.801376,-0.30551100000000003,0.857741,32.832171,-117.23300900000001,166.561508,40.346693,0.0,0.0,Erik,True
483347,08:22.0,36.650002,43.887371,1011.59935,0.021927000000000002,-0.8202510000000001,-0.23063699999999998,0.852342,32.832501,-117.233029,166.561508,40.346693,0.0,0.0,Erik,True
329104,39:07.1,30.040001,135.507977,998.9704130000001,0.106125,-0.497101,-0.520126,0.7272569999999999,32.832516999999996,-116.96469499999999,265.37298599999997,19.830575,0.0,0.016978999999999998,Daniel,True
320388,22:40.0,29.5,111.093553,1002.015076,0.094955,-0.6081850000000001,-0.31842,0.6930350000000001,32.832741,-116.97447,79.77467299999999,17.862123,0.0,0.016978999999999998,Daniel,True
320323,22:31.2,29.34,106.574331,1002.2655490000001,0.167633,-1.065979,-0.474991,1.178995,32.832765,-116.976995,79.77467299999999,17.862123,0.0,0.016978999999999998,Daniel,True
320322,22:31.1,29.26,106.74148000000001,1002.2342679999999,0.111572,-0.766998,-0.404816,0.8744200000000001,32.832768,-116.97730800000001,79.77467299999999,17.862123,0.0,0.016978999999999998,Daniel,True
329295,39:42.9,29.969998999999998,112.21423500000002,1002.1074679999999,0.022934,-0.633957,-0.41745,0.759402,32.832898,-116.976688,260.214661,19.247869,0.0,0.016978999999999998,Daniel,True
329296,39:43.1,30.01,109.689146,1002.1439359999999,0.177063,-1.090698,-0.34285,1.156944,32.832901,-116.977002,260.214661,19.247869,0.0,0.016978999999999998,Daniel,True
329490,40:18.1,31.4,114.504938,1001.5077210000001,0.17938199999999999,-1.083923,-0.481461,1.19953,32.834428,-116.988074,288.275818,19.860725,0.0,0.016978999999999998,Daniel,True
329491,40:18.2,31.610001,113.51098,1001.5077210000001,0.062134,-0.6427149999999999,-0.48439,0.807204,32.834582,-116.98836399999999,289.339172,22.079420000000002,0.0,0.016978999999999998,Daniel,True
19109,25:14.0,35.330002,111.747606,1002.977142,-0.767197,0.013869999999999999,-0.407043,0.8686010000000001,32.835601000000004,-117.170701,230.468246,10.735559,0.0,0.0,Daniel,True
330007,41:30.1,30.92,95.105806,1003.6191560000001,0.048706,-1.155457,-0.35318,1.2092100000000001,32.836045,-117.01206,253.21993999999998,20.216353,0.0,0.016978999999999998,Daniel,True
19119,25:15.2,34.93,110.73032099999999,1003.0049130000001,-0.571228,0.092331,-0.43158,0.7218640000000001,32.836168,-117.17104199999999,230.468246,10.735559,0.0,0.0,Daniel,True
319725,21:20.0,31.01,107.77951000000002,1002.141647,0.11358599999999999,-0.644928,-0.42453,0.780423,32.836661,-116.99951999999999,77.67765,18.853899,0.0,0.016978999999999998,Daniel,True
314900,13:03.1,30.51,118.52626799999999,1000.4792789999999,0.0979,-0.606171,-0.393417,0.7292489999999999,32.837229,-117.155065,81.801346,20.463759,0.0,0.016978999999999998,Daniel,True
315028,13:18.1,31.09,114.975831,1001.0923769999999,0.130081,-1.0460049999999999,-0.46386700000000003,1.1516170000000001,32.837902,-117.150627,66.02372,21.42313,0.0,0.016978999999999998,Daniel,True
440781,43:09.2,25.75,41.252056,1006.8763730000001,0.19280999999999998,0.667435,-0.8993530000000001,1.136433,32.838013000000004,-117.23273999999999,358.762421,35.729019,84.081512,0.0,Naazneen,True
208870,41:29.0,30.52,110.532173,0.0,-0.028366000000000002,-0.7973939999999999,-0.281677,0.846158,32.838287,-117.172302,305.16015600000003,45.660688,0.0,0.06514,Zhisen,True
208871,41:29.1,30.440001000000002,110.040474,0.0,-0.134048,-0.8579100000000001,-0.109894,0.8752459999999999,32.838543,-117.17246000000002,305.16015600000003,45.660688,0.0,0.06514,Zhisen,True
315101,13:27.1,30.58,117.489222,1000.8187869999999,0.098679,-0.689804,-0.406921,0.80694,32.838563,-117.14744499999999,64.935249,21.053779000000002,0.0,0.016978999999999998,Daniel,True
423119,10:09.1,33.450001,35.668226000000004,1011.3793949999999,-0.039902,-0.665695,-0.281204,0.723753,32.8389,-117.22881799999999,66.469734,23.19255,0.0,0.116085,Daniel,True
421628,07:18.0,22.73,36.833135999999996,1011.007385,0.12043800000000002,-1.048843,-0.43408199999999997,1.141492,32.839082,-117.232289,264.87463399999996,9.21982,0.0,0.116085,Daniel,True
421629,07:18.2,21.940001000000002,37.589452,1011.007385,0.055161,-1.055252,-0.551834,1.192108,32.839110999999995,-117.23252,264.87463399999996,9.21982,0.0,0.116085,Daniel,True
208905,41:33.2,29.940001000000002,106.99805500000001,0.0,-0.138382,-0.818817,-0.075012,0.833809,32.839255,-117.17289099999999,305.16015600000003,45.660688,0.0,0.06514,Zhisen,True
208906,41:33.3,29.969998999999998,106.81848899999999,0.0,-0.069885,-1.12648,-0.139282,1.137208,32.839496999999994,-117.17303600000001,305.16015600000003,45.660688,0.0,0.06514,Zhisen,True
441140,43:45.1,34.080002,43.12727,1006.9966130000001,0.22636399999999998,0.8682860000000001,-0.858246,1.241671,32.840447999999995,-117.220881,196.677032,29.649055,81.042618,0.0,Naazneen,True
441141,43:45.2,33.830002,43.364329999999995,1006.9966130000001,0.23988299999999999,0.75354,-0.8436889999999999,1.156364,32.840556,-117.220549,196.677032,29.649055,80.69828000000001,0.0,Naazneen,True
310126,04:33.0,9.25,38.120115999999996,1010.856552,0.125153,-0.663956,-0.10206599999999999,0.6833140000000001,32.840838,-117.272582,336.31314100000003,23.876307,0.0,0.016978999999999998,Daniel,True
310127,04:33.2,10.17,37.351665999999994,1010.856552,0.005753,-0.802673,-0.227921,0.834425,32.840923,-117.27261399999999,336.31314100000003,23.876307,0.0,0.016978999999999998,Daniel,True
449628,42:46.0,23.6,40.845715000000006,1007.7705380000001,0.11319000000000001,0.299072,-0.79686,0.8586280000000001,32.841656,-117.23588400000001,203.900681,9.613406,74.928299,0.0,Naazneen,True
449629,42:46.1,22.790001,40.412822999999996,1007.7705380000001,0.086655,0.433304,-1.105728,1.190754,32.84186,-117.235947,204.918991,8.277495,76.707245,0.0,Naazneen,True
441250,43:56.1,32.299999,49.368053,1006.1293029999999,0.125244,0.551895,-0.630142,0.846967,32.841862,-117.217473,350.01535,28.096552000000003,77.844025,0.0,Naazneen,True
441251,43:56.2,32.509997999999996,50.339611,1006.1293029999999,0.153122,0.5869449999999999,-0.582855,0.841232,32.842009000000004,-117.217151,350.01535,28.096552000000003,80.08244300000001,0.0,Naazneen,True
312053,08:14.2,27.040001,97.482872,1003.8489529999999,0.14488199999999998,-0.682312,-0.314697,0.765229,32.84295,-117.24043200000001,128.33566299999998,20.933879,0.0,0.016978999999999998,Daniel,True
229453,06:18.3,19.799999,75.21668199999999,0.0,-0.06395,-0.853836,-0.174347,0.873798,32.843051,-117.19823500000001,157.949875,21.754206,81.390381,0.089408,Zhisen,True
312052,08:14.1,26.84,97.042737,1003.8489529999999,0.20799299999999998,-0.678421,-0.407166,0.8181069999999999,32.843134,-117.240618,128.33566299999998,20.933879,0.0,0.016978999999999998,Daniel,True
229452,06:18.2,18.889999,73.943611,0.0,-0.06395,-0.853836,-0.174347,0.873798,32.843199,-117.198356,157.949875,21.754206,78.56564300000001,0.089443,Zhisen,True
209083,41:53.1,30.65,94.956978,0.0,0.082169,-1.162064,-0.204407,1.182762,32.844125,-117.175832,305.16015600000003,45.660688,0.0,0.06514,Zhisen,True
209084,41:53.1,30.67,94.59949499999999,0.0,0.042297,-1.170959,-0.090927,1.175246,32.84437,-117.175983,305.16015600000003,45.660688,0.0,0.06514,Zhisen,True
314396,12:11.1,28.440001000000002,97.702086,1003.3532710000001,0.039978,-0.8351139999999999,-0.26669299999999996,0.877575,32.845334,-117.169495,113.929947,17.828661,0.0,0.016978999999999998,Daniel,True
425627,14:53.1,26.77,75.14569399999999,1006.536942,0.166626,-0.8781889999999999,-0.742798,1.162209,32.84613,-117.24308899999998,303.16247599999997,13.967601,0.0,0.116085,Daniel,True
420921,05:54.1,30.389999,59.166566,1008.2174679999999,0.04628,-0.749252,-0.27034,0.797875,32.846173,-117.20849399999999,233.033127,14.190657,0.0,0.116085,Daniel,True
425628,14:53.1,26.139999,72.108739,1006.536942,0.166626,-0.8781889999999999,-0.742798,1.162209,32.846286,-117.24329099999999,303.16247599999997,13.967601,0.0,0.116085,Daniel,True
442770,46:28.1,15.43,90.93055,1001.903458,0.147537,0.8245540000000001,-0.789978,1.1514,32.846416999999995,-117.17708600000002,56.25761,17.060006,78.78894,0.0,Naazneen,True
419965,04:04.9,26.049999,85.350595,1005.4648589999999,0.329926,-0.687241,-0.42504899999999995,0.872821,32.846468,-117.175801,326.368866,26.909334,0.0,0.116085,Daniel,True
442260,45:37.1,26.450001,72.063423,1004.409943,0.122971,0.5428310000000001,-0.5380550000000001,0.774139,32.846621,-117.18456599999999,219.15463300000002,28.774641,81.725143,0.0,Naazneen,True
19392,25:53.3,33.75,90.00905999999999,1005.6518550000001,-0.509308,0.062301999999999996,-0.5776819999999999,0.7726529999999999,32.846645,-117.177356,230.4767,105.145009,0.0,0.0,Daniel,True
442581,46:09.2,15.67,85.598457,1002.697067,0.616745,0.867798,-0.486374,1.1704729999999999,32.846675,-117.176374,6.113777,25.165070999999998,79.365852,0.0,Naazneen,True
442350,45:46.1,27.120001000000002,71.072334,1004.21875,0.20233199999999998,0.581375,-0.542587,0.8205709999999999,32.84689,-117.18200300000001,215.863998,28.068649,86.06675,0.0,Naazneen,True
442351,45:46.2,26.639999,71.846138,1004.21875,0.22102399999999997,0.6455380000000001,-0.531525,0.864922,32.846925,-117.18171699999999,215.863998,28.068649,82.953384,0.0,Naazneen,True
425740,15:06.1,12.23,55.610689,1008.9847560000001,0.184723,-0.605484,-0.152451,0.651133,32.847421999999995,-117.245287,286.515198,11.179098,0.0,0.116085,Daniel,True
425741,15:06.3,11.79,54.60729,1009.1418460000001,0.052597000000000005,-0.730484,-0.468979,0.869663,32.847471999999996,-117.2454,286.515198,11.179098,0.0,0.116085,Daniel,True
311785,07:45.2,22.1,56.237759,1009.152908,0.069931,-0.6966859999999999,-0.40565500000000004,0.809208,32.847522999999995,-117.24575,105.53045700000001,18.752574,0.0,0.016978999999999998,Daniel,True
420052,04:14.1,24.950001,79.534485,1006.042175,0.21255500000000002,-1.010498,-0.590637,1.1895959999999999,32.847919,-117.17773600000001,275.056519,17.540953,0.0,0.116085,Daniel,True
449929,43:16.1,20.67,48.992687,1006.8757630000001,-0.083832,0.31308,-0.763947,0.8298559999999999,32.848144,-117.235423,236.594604,11.884642999999999,77.625938,0.0,Naazneen,True
426786,17:05.0,4.77,44.424975,1011.056366,0.034668,-0.716278,-0.470505,0.8576889999999999,32.848285,-117.247297,285.522308,11.743378,0.0,0.116085,Daniel,True
426787,17:05.1,5.15,44.138937,1011.056366,-0.045837,-0.737396,-0.439255,0.859534,32.848303,-117.247346,285.522308,11.743378,0.0,0.116085,Daniel,True
375368,49:09.0,8.05,32.249134999999995,1011.9735720000001,0.10691800000000001,-0.5810390000000001,-1.009369,1.169557,32.848504999999996,-117.273255,225.16146899999998,54.540659999999995,0.0,0.151843,Daniel,True
311671,07:33.0,20.1,41.037949,1010.806351,0.161377,-1.210464,-0.188385,1.2356200000000002,32.848678,-117.24838600000001,106.54656200000001,19.227636999999998,0.0,0.016978999999999998,Daniel,True
432292,27:45.0,0.25,33.239403,1012.46376,-0.006561,0.22187800000000002,-1.5597379999999998,1.5754540000000001,32.848704,-117.272994,94.537125,39.497644,0.0,0.116085,Daniel,True
432421,28:00.3,0.4,29.675971999999998,1012.43309,-0.214325,0.811844,-1.3166200000000001,1.561574,32.848731,-117.272985,242.831177,58.597618000000004,0.0,0.116085,Daniel,True
433828,30:41.4,0.88,32.040141999999996,1012.3666380000001,-0.010315000000000001,-0.189392,-0.7979430000000001,0.820176,32.848813,-117.27281299999999,198.653656,46.863474,0.0,0.116085,Daniel,True
432661,28:30.1,1.27,32.600190000000005,1012.4098210000001,-0.141235,-0.355408,-0.6834720000000001,0.783196,32.848828999999995,-117.272896,59.031937,49.881684,0.0,0.116085,Daniel,True
433640,30:21.0,0.98,33.28394,1012.328568,0.071564,-0.439346,-0.647491,0.7857430000000001,32.848928,-117.27263,224.22135899999998,40.703934000000004,0.0,0.116085,Daniel,True
433522,30:05.1,0.3,32.643319,1012.437286,-0.133987,0.05285599999999999,-0.644211,0.660117,32.84901,-117.272608,98.344101,37.231543,0.0,0.116085,Daniel,True
384450,06:14.2,16.27,29.966966999999997,1011.923141,0.080353,-0.740356,-0.31799299999999997,0.809755,32.849055,-117.2493,106.74428600000002,22.384314,0.0,0.151843,Daniel,True
384443,06:12.9,16.6,29.243612,1012.099075,-0.041183,-0.707596,-0.369293,0.7992279999999999,32.849193,-117.24961499999999,105.73728200000001,21.907242,0.0,0.151843,Daniel,True
318522,19:18.2,35.389998999999996,126.588474,1000.4027560000001,0.084747,-1.124161,-0.407211,1.198641,32.849222,-117.030951,110.10585,14.004554,0.0,0.016978999999999998,Daniel,True
384429,06:11.0,16.280001000000002,26.779494,1012.2761539999999,0.067535,-1.150284,-0.5292359999999999,1.267992,32.84933,-117.24993400000001,105.73728200000001,21.907242,0.0,0.151843,Daniel,True
311155,06:39.0,19.35,27.825809999999997,1011.923599,0.182175,-0.623322,-0.507706,0.824307,32.849844,-117.25745500000001,77.64807900000001,21.56052,0.0,0.016978999999999998,Daniel,True
311156,06:39.1,18.67,27.286887,1011.923599,0.147079,-0.70134,-0.446655,0.8444,32.849845,-117.257251,77.64807900000001,21.56052,0.0,0.016978999999999998,Daniel,True
450268,43:50.0,13.5,52.734203,1006.7379,-0.07041900000000001,0.574234,-1.4447020000000002,1.556235,32.851209000000004,-117.236281,204.28903200000002,11.688991,81.794289,0.0,Naazneen,True
21220,30:12.0,0.33,110.218748,1003.939209,1.0186309999999998,-0.643173,0.016418000000000002,1.204803,32.85243,-117.182978,171.15966799999998,70.127225,0.0,0.0,Daniel,True
21276,30:20.1,0.3,110.51876599999999,1003.9585880000001,-0.41188,-0.24685700000000002,-0.728317,0.8723700000000001,32.852443,-117.18296000000001,246.3293,36.983643,0.0,0.0,Daniel,True
20384,28:09.2,2.75,107.61799099999999,1004.2430109999999,-1.102402,0.06613200000000001,-0.284409,1.140417,32.852821999999996,-117.18344599999999,76.21032,40.448462,0.0,0.0,Daniel,True
411661,57:54.0,17.629998999999998,131.73636299999998,998.5466,-0.129761,-1.1739959999999998,-0.544296,1.300524,32.853716999999996,-117.12068899999998,62.977913,19.934584,0.0,0.151843,Daniel,True
317797,18:05.0,32.389998999999996,216.359168,989.2294310000001,0.103073,-0.78952,-0.203964,0.8219290000000001,32.854031,-117.05691000000002,88.408028,19.054045000000002,0.0,0.016978999999999998,Daniel,True
256578,37:47.1,16.549999,111.422005,0.0,0.381805,-1.047424,-0.304825,1.155764,32.854155,-117.1999,284.732025,53.186009999999996,85.33931700000001,0.001674,Zhisen,True
450448,44:08.0,18.58,59.551952,1005.544434,-0.005295,0.438354,-1.059555,1.146665,32.854248999999996,-117.236805,218.56691,11.160111,77.035599,0.0,Naazneen,True
450449,44:08.1,18.209999,59.793224,1005.544434,-0.002548,0.388397,-0.745255,0.8403950000000001,32.854383,-117.236853,218.56691,11.160111,78.384567,0.0,Naazneen,True
256639,37:53.2,17.27,112.72419,0.0,0.110733,-1.22641,-0.08197,1.234124,32.854459999999996,-117.200924,273.461243,53.499477,82.01840200000001,0.0015970000000000001,Zhisen,True
255449,35:54.2,14.65,110.18958300000001,0.0,-0.09335299999999999,-0.8642120000000001,-0.060989,0.871376,32.854673,-117.185249,272.507904,53.841214,74.67558299999999,0.0016059999999999998,Zhisen,True
209693,42:56.1,11.41,112.08033,0.0,-0.20013399999999998,-1.023666,-0.46785,1.143167,32.854684000000006,-117.182275,302.01037599999995,40.748484000000005,0.0,0.06514,Zhisen,True
256760,38:05.3,15.47,111.15284299999999,0.0,-0.054932,-0.8539120000000001,-0.09904500000000001,0.861391,32.854704999999996,-117.203231,260.21991,54.536646,77.633926,0.001652,Zhisen,True
255558,36:05.1,6.91,103.96833000000001,0.0,0.0006259999999999999,-1.0857700000000001,-0.564224,1.2236200000000002,32.855472999999996,-117.186296,276.54071,53.836416,73.675255,0.001616,Zhisen,True
255559,36:05.2,3.9,103.598946,0.0,-0.078766,-1.010941,-0.539536,1.148609,32.855502,-117.186334,276.54071,53.836416,73.19567099999999,0.001621,Zhisen,True
255708,36:20.1,5.06,102.650093,0.0,-0.22654699999999997,-0.9622040000000001,-0.863037,1.312247,32.855574,-117.186428,278.508698,51.857252,83.70295,0.00159,Zhisen,True
255709,36:20.2,5.38,102.701729,0.0,-0.15856900000000002,-0.674377,-0.22728,0.7290989999999999,32.855605,-117.186467,278.508698,51.857252,86.935013,0.0016120000000000002,Zhisen,True
209967,43:24.0,7.99,114.67426299999998,0.0,0.013869999999999999,-0.863663,-0.038147,0.8646159999999999,32.855711,-117.182868,303.021973,39.859426,0.0,0.06514,Zhisen,True
209968,43:24.1,8.29,115.20246100000001,0.0,0.13456700000000002,-1.180511,0.06488,1.189927,32.855773,-117.182911,303.021973,39.859426,0.0,0.06514,Zhisen,True
257138,38:43.1,18.49,101.11732099999999,0.0,0.240952,-0.669983,-0.366898,0.800967,32.856438,-117.20505800000001,328.270691,49.993323,84.792282,0.0016719999999999999,Zhisen,True
272013,31:10.1,19.67,109.718147,0.0,0.498169,-1.174072,-0.36325100000000005,1.326111,32.857876,-117.185938,189.92276,35.713457,85.449203,0.033308,Zhisen,True
257228,38:52.1,20.48,92.786694,0.0,-0.054184,-0.8579559999999999,-0.153778,0.8733110000000001,32.858008,-117.205549,316.888153,48.289072999999995,81.595978,0.0016699999999999998,Zhisen,True
226882,02:01.2,1.33,91.568249,0.0,0.162216,-0.803848,-0.262253,0.860966,32.858067999999996,-117.20572800000001,183.232132,24.695294,73.366325,0.002741,Zhisen,True
257229,38:52.2,20.299999,91.022839,0.0,-0.045166000000000005,-0.8333889999999999,-0.170303,0.8518100000000001,32.858152000000004,-117.205619,316.888153,48.289072999999995,79.092056,0.0016899999999999999,Zhisen,True
240474,13:26.1,3.73,115.53889099999999,0.0,0.027969,-0.860764,-0.133881,0.8715620000000001,32.859068,-117.241023,63.207401000000004,24.310985000000002,76.440224,0.057564,Zhisen,True
254551,58:59.1,12.12,122.029125,0.0,0.22305300000000003,-0.778824,-0.142899,0.822642,32.859088,-117.24101,284.385742,50.298549,81.613274,0.052298000000000004,Zhisen,True
254600,59:04.0,8.83,117.791698,0.0,0.110626,-1.247208,-0.507767,1.351145,32.859099,-117.241506,279.143799,49.558445,76.675163,0.07120800000000001,Zhisen,True
254630,59:07.0,3.17,116.776501,0.0,0.28979499999999997,-1.095856,-0.155563,1.144151,32.859101,-117.241672,228.27882400000001,52.073153000000005,79.81349200000001,0.068991,Zhisen,True
257408,39:10.1,22.790001,68.35603,0.0,-0.11550899999999999,-0.785828,-0.31114200000000003,0.8530399999999999,32.860408,-117.20841999999999,286.62207,53.146269,80.534477,0.0016530000000000002,Zhisen,True
271874,30:56.2,21.99,107.9748,0.0,-0.049088,-0.7447050000000001,-0.285217,0.7989649999999999,32.860425,-117.186458,167.626343,36.913008000000005,84.597084,0.033308,Zhisen,True
257409,39:10.1,22.65,68.047558,0.0,-0.051682000000000006,-0.744659,-0.26944,0.7935909999999999,32.860532,-117.208611,286.62207,53.146269,81.476616,0.001691,Zhisen,True
257459,39:15.2,20.82,68.476635,0.0,-0.065475,-0.779953,-0.065323,0.7854180000000001,32.861121000000004,-117.209521,286.62207,53.146269,85.371307,0.001684,Zhisen,True
225622,59:55.2,6.42,70.701061,0.0,0.019958,-0.789642,-0.261932,0.832191,32.861478999999996,-117.21031799999999,167.42807,52.841565,74.32401999999999,0.00549,Zhisen,True
438970,40:08.1,0.84,93.646374,1002.46521,0.21400500000000003,0.710403,-0.9142459999999999,1.177419,32.861508,-117.23425900000001,215.14617900000002,72.827878,79.75165600000001,0.0,Naazneen,True
451288,45:32.0,3.21,90.077038,1002.1210480000001,-0.15351900000000002,0.47749300000000006,-1.4368290000000001,1.5218559999999999,32.861604,-117.23432700000001,281.558411,26.07189,84.561638,0.0,Naazneen,True
451289,45:32.1,2.07,90.231335,1002.1210480000001,-0.15351900000000002,0.47749300000000006,-1.4368290000000001,1.5218559999999999,32.861618,-117.23428799999999,280.330322,24.770114000000003,84.29334300000001,0.0,Naazneen,True
254140,58:18.0,13.57,121.27009199999999,0.0,0.076828,-1.1878360000000001,0.010712000000000001,1.190366,32.861743,-117.240154,207.326782,49.402854999999995,76.667473,0.073899,Zhisen,True
133288,32:04.1,23.08,143.853157,1000.215378,0.11495999999999999,-1.075882,-0.811325,1.3524,32.861745,-117.112757,232.751068,25.399542999999998,0.0,0.0,Erik,True
224763,58:29.3,0.53,83.41376899999999,0.0,-0.032898000000000004,-0.795517,-0.315552,0.856448,32.863119,-117.212119,182.45687900000001,53.289336,68.331734,0.010279,Zhisen,True
49758,49:21.1,28.99,147.153511,997.825394,-0.216995,-0.9042209999999999,-0.853043,1.2618969999999998,32.863437,-117.11068,195.541779,208.254091,0.0,0.0,Erik,True
210475,44:23.0,27.93,107.14704099999999,0.0,0.066742,-1.163406,-0.172455,1.1780110000000001,32.863458,-117.18860600000001,292.654602,40.110089,0.0,0.06514,Zhisen,True
49757,49:21.0,30.73,147.07074699999998,997.825394,-0.20114100000000001,-0.776062,-0.34169,0.871483,32.863659000000006,-117.11053999999999,195.541779,208.254091,0.0,0.0,Erik,True
210476,44:23.2,28.110001,107.05408500000001,0.0,-0.124527,-1.1301729999999999,-0.009201,1.13705,32.863659999999996,-117.18880300000001,292.654602,40.110089,0.0,0.06514,Zhisen,True
271634,30:32.2,21.540001,100.65418199999999,0.0,0.054672000000000005,-0.8103640000000001,-0.230331,0.844234,32.864292,-117.18998500000001,155.569641,35.60779,83.155495,0.033308,Zhisen,True
241444,15:03.1,16.07,117.217175,0.0,-0.0050810000000000004,-1.2141110000000002,0.057343,1.215475,32.864616999999996,-117.24004599999999,323.13226299999997,39.359753999999995,85.387787,0.08960800000000001,Zhisen,True
253890,57:53.0,14.67,116.787121,0.0,0.171188,-0.801941,0.020355,0.820262,32.864684000000004,-117.240257,200.12866200000002,47.307660999999996,80.14872700000001,0.077562,Zhisen,True
241465,15:05.2,16.629998999999998,116.59351699999999,0.0,0.08313,-0.8365020000000001,-0.034042,0.8413120000000001,32.864899,-117.24007900000001,323.13226299999997,39.359753999999995,78.54213,0.06450399999999999,Zhisen,True
224132,57:26.2,7.57,97.415661,0.0,0.066025,-1.174698,-0.102585,1.181016,32.864971000000004,-117.212997,195.648239,54.807472,76.276878,0.0027329999999999998,Zhisen,True
224131,57:26.1,7.45,98.23182299999999,0.0,0.119644,-0.791031,-0.24037199999999997,0.835358,32.865034,-117.21301799999999,195.648239,54.807472,78.539764,0.004059,Zhisen,True
258039,40:13.2,12.93,93.335217,0.0,0.037964,-1.250732,-0.12626600000000002,1.257663,32.865547,-117.21303,308.148499,49.136798,83.75765200000001,0.001718,Zhisen,True
241543,15:13.0,16.559998999999998,114.98328799999999,0.0,-0.121475,-0.8140109999999999,-0.284607,0.8708450000000001,32.865981,-117.240023,337.888275,38.832419,80.08158900000001,0.06005599999999999,Zhisen,True
258188,40:28.1,1.93,95.293224,0.0,0.053909000000000006,-0.8612059999999999,-0.095627,0.868174,32.866436,-117.21361599999999,306.128662,47.721652,73.897591,0.001586,Zhisen,True
258130,40:22.3,8.97,96.906139,0.0,-0.053345000000000004,-1.1350559999999998,-0.24054,1.161489,32.86645,-117.213376,307.130402,47.933370000000004,76.246277,0.001696,Zhisen,True
258189,40:28.2,0.33,100.448498,0.0,-0.06703200000000001,-1.131775,-0.109787,1.139061,32.866609000000004,-117.213431,306.128662,47.721652,74.80989100000001,0.001594,Zhisen,True
210603,44:38.2,29.860001,106.92853500000001,0.0,-0.044037,-1.083984,-0.478592,1.1857540000000002,32.866726,-117.19173400000001,292.654602,40.110089,0.0,0.06514,Zhisen,True
210641,44:42.0,29.940001000000002,107.110909,0.0,-0.136856,-1.147369,0.024033000000000002,1.1557520000000001,32.867371,-117.19233100000001,293.70391800000004,40.604159,0.0,0.06514,Zhisen,True
241673,15:26.0,14.88,116.96058300000001,0.0,-0.194214,-1.274506,0.01355,1.289289,32.867844,-117.239846,318.871918,39.607033,79.029495,0.067871,Zhisen,True
253602,57:24.2,10.97,117.009899,0.0,0.146301,-1.175003,-0.062988,1.18575,32.868198,-117.24006200000001,198.392548,47.752675,77.189102,0.07310900000000001,Zhisen,True
253601,57:24.1,11.44,118.02271699999999,0.0,0.156433,-0.8202360000000001,0.002472,0.835024,32.868252000000005,-117.240072,198.392548,47.752675,77.02932,0.073141,Zhisen,True
223733,56:46.3,17.25,113.29731399999999,0.0,0.028030000000000003,-0.8460850000000001,-0.210815,0.8724040000000001,32.868378,-117.21412,206.812027,55.069475,79.086334,0.010131999999999999,Zhisen,True
223601,56:33.1,8.35,111.261486,0.0,0.05722000000000001,-1.291992,0.059723000000000005,1.294637,32.870118,-117.214183,211.93121299999999,57.050215,81.707596,0.004998,Zhisen,True
253401,57:04.1,7.975401,116.926926,0.0,0.186203,-1.228577,-0.202316,1.258969,32.870269,-117.240609,172.736313,47.300851,79.40241999999999,0.08937,Zhisen,True
245314,21:30.1,17.309998999999998,96.54365200000001,0.0,0.154144,-1.125824,-0.07376100000000001,1.138719,32.87027,-117.221829,86.356651,27.475620000000003,73.86673,0.071728,Zhisen,True
253400,57:04.0,7.951444,115.74434699999999,0.0,0.174652,-1.264801,-0.07968099999999999,1.279287,32.87035,-117.240595,173.86303700000002,47.479154,79.801445,0.091042,Zhisen,True
251141,53:18.1,19.9,97.249157,0.0,-0.069092,-0.7416689999999999,-0.156479,0.761138,32.870418,-117.221699,285.300659,47.226933,81.32106,0.088952,Zhisen,True
251142,53:18.2,18.73,96.996899,0.0,-0.11386099999999999,-0.798309,-0.235413,0.8400479999999999,32.870434,-117.22191399999998,285.300659,47.226933,82.449211,0.085825,Zhisen,True
251170,53:21.0,17.27,96.71894499999999,0.0,-0.011292,-1.093475,-0.441696,1.1793690000000001,32.870490999999994,-117.22227600000001,291.64395099999996,45.839278,79.955261,0.090602,Zhisen,True
245416,21:40.3,15.97,97.391979,0.0,-0.10105900000000001,-1.229538,-0.15416,1.243279,32.870604,-117.219893,61.061606999999995,23.13123,76.332245,0.065843,Zhisen,True
242595,16:58.2,15.86,108.642284,0.0,-0.14620999999999998,-1.201111,0.065216,1.211733,32.870633000000005,-117.24003400000001,26.784458,31.108454,80.252052,0.05947,Zhisen,True
245205,21:19.2,15.64,93.02235,0.0,0.17219500000000001,-1.302246,-0.14141800000000002,1.321172,32.870779,-117.22346399999999,111.719673,29.049640999999998,79.687828,0.071962,Zhisen,True
252642,55:48.2,4.76,106.189159,0.0,0.035461,-0.8541719999999999,-0.12529,0.8640399999999999,32.871003,-117.239797,225.558777,51.189921000000005,78.052277,0.070117,Zhisen,True
252641,55:48.1,6.07,105.72071499999998,0.0,0.053497,-0.675705,-0.18548599999999998,0.7027399999999999,32.871033000000004,-117.239754,225.558777,51.189921000000005,79.398605,0.07012,Zhisen,True
251002,53:04.2,17.030001000000002,97.86860300000001,0.0,0.012009,-0.857635,-0.069092,0.860498,32.871112,-117.219232,255.722137,49.085515,79.21743000000001,0.068896,Zhisen,True
251001,53:04.1,16.27,98.345837,0.0,0.012009,-0.857635,-0.069092,0.860498,32.871188000000004,-117.219076,255.722137,49.085515,83.318398,0.06789400000000001,Zhisen,True
245635,22:02.2,14.23,98.823071,0.0,0.334229,-1.3480219999999998,0.019424,1.388975,32.871307,-117.218418,59.973347,17.391018,78.24760400000001,0.07263,Zhisen,True
244794,20:38.1,17.790001,83.267223,0.0,0.109894,-0.807755,-0.018997,0.8154170000000001,32.871662,-117.23120700000001,67.655167,27.914011,74.53915400000001,0.085191,Zhisen,True
244795,20:38.2,17.959999,83.92622,0.0,0.060638,-0.766113,-0.075638,0.772223,32.871683000000004,-117.23101899999999,67.655167,27.914011,77.479996,0.08519199999999999,Zhisen,True
242744,17:13.1,15.53,95.14088100000001,0.0,0.189056,-0.411728,-0.44976800000000006,0.6383989999999999,32.871717,-117.237776,59.378868000000004,42.976245,89.199402,0.078986,Zhisen,True
251841,54:28.1,9.13,80.718456,0.0,-0.006958,-0.823044,-0.28720100000000004,0.871742,32.871749,-117.23267299999999,256.340302,47.312605,77.152405,0.082666,Zhisen,True
251762,54:20.2,15.68,82.524609,0.0,-0.073853,-1.185333,-0.482513,1.281908,32.871758,-117.231751,253.289398,48.565577000000005,80.49308,0.074849,Zhisen,True
251731,54:17.1,16.15,84.501354,0.0,0.035278,-0.8675379999999999,-0.110901,0.875309,32.871793,-117.23123400000001,249.158722,48.388232,80.536606,0.080867,Zhisen,True
252081,54:52.1,15.69,88.63251899999999,0.0,0.10553,-0.835449,-0.18199200000000001,0.8615290000000001,32.871827,-117.23546999999999,256.351837,50.492959,82.10075400000001,0.07599299999999999,Zhisen,True
244854,20:44.1,18.049999,85.37366899999999,0.0,-0.069031,-1.13681,-0.080109,1.141718,32.871859,-117.230094,64.729088,21.318213,76.705978,0.079693,Zhisen,True
252160,55:00.0,13.63,94.861645,0.0,-0.10345499999999999,-0.595978,0.275589,0.664712,32.87186,-117.23659099999999,255.28543100000002,49.773456,80.11969,0.080123,Zhisen,True
251670,54:11.0,15.96,86.297863,0.0,0.008499,-0.833649,-0.126144,0.843181,32.872003,-117.23006399999998,242.951691,48.290714,79.87344399999999,0.08380900000000001,Zhisen,True
245015,21:00.2,20.459999,84.291393,0.0,-0.028107,-1.202148,-0.052933,1.203641,32.872203999999996,-117.226845,96.14785,24.888285999999997,75.825912,0.08187,Zhisen,True
244965,20:55.2,19.370001000000002,84.948986,0.0,0.077271,-0.7966,-0.06781000000000001,0.803207,32.872265999999996,-117.22791299999999,77.89537,24.802339,82.136452,0.084775,Zhisen,True
244966,20:55.3,19.66,84.818249,0.0,-0.082108,-1.18718,-0.057479999999999996,1.191403,32.872275,-117.22770600000001,77.89537,24.802339,79.567459,0.086651,Zhisen,True
251520,53:56.0,19.25,85.160656,0.0,0.137863,-0.837875,-0.049744,0.8505969999999999,32.872378000000005,-117.227368,256.467285,48.245302,81.574539,0.06494,Zhisen,True
251521,53:56.1,18.9,85.05994799999999,0.0,0.225739,-0.770523,-0.039948000000000004,0.8039029999999999,32.872384999999994,-117.227577,255.440704,48.387968,83.47962199999999,0.064574,Zhisen,True
259159,42:05.2,10.51,110.206676,0.0,0.06349199999999999,-0.8592989999999999,-0.101852,0.86764,32.87259,-117.213696,305.189758,44.979766999999995,80.22558599999999,0.0016809999999999998,Zhisen,True
250662,52:30.2,4.77,106.32990600000001,0.0,0.015274000000000001,-1.10968,-0.273438,1.142975,32.873357,-117.21830800000001,200.50508100000002,46.250547999999995,77.003212,0.045285,Zhisen,True
250661,52:30.1,6.99,106.54560500000001,0.0,0.028549,-1.105286,-0.25845300000000004,1.1354600000000001,32.873409,-117.21830700000001,200.50508100000002,46.250547999999995,75.304794,0.062778,Zhisen,True
250603,52:24.3,14.24,104.166088,0.0,-0.032318,-0.80365,-0.152481,0.8186260000000001,32.873899,-117.21828500000001,199.484253,45.210845,80.594505,0.074834,Zhisen,True
259318,42:21.1,11.8,110.768993,0.0,0.30641199999999996,-0.7137600000000001,-0.27331500000000003,0.823434,32.873948999999996,-117.213949,307.225403,47.665687,85.365059,0.001637,Zhisen,True
250602,52:24.2,15.24,103.997326,0.0,0.032744999999999996,-0.834946,-0.03923,0.836508,32.874035,-117.21828300000001,199.484253,45.210845,83.889275,0.07447100000000001,Zhisen,True
268384,25:07.2,17.110001,104.024914,0.0,-0.017197,-1.267059,-0.271866,1.2960120000000002,32.874253,-117.205145,85.84236899999999,38.83075,83.070786,0.033308,Zhisen,True
211344,45:54.2,11.05,109.20508600000001,0.0,0.175949,-0.810471,-0.072021,0.832471,32.875026,-117.200851,253.496948,46.211087,0.0,0.06514,Zhisen,True
211217,45:41.0,15.61,107.07618000000001,0.0,-0.147247,-1.208115,0.094177,1.220693,32.875294,-117.199281,245.28805499999999,48.814415000000004,0.0,0.06514,Zhisen,True
250502,52:14.2,17.450001,100.900402,0.0,0.09219400000000001,-0.791641,0.078323,0.8008310000000001,32.875534,-117.218276,195.40271,46.300191999999996,83.348488,0.072505,Zhisen,True
266834,22:32.2,12.05,120.61811399999999,0.0,-0.016205,-0.84021,-0.042923,0.841462,32.875585,-117.21016599999999,51.192642,43.968030999999996,82.785538,0.033308,Zhisen,True
212709,48:23.2,4.49,117.59931599999999,0.0,-0.23590100000000003,-0.611588,0.157608,0.674188,32.877623,-117.213872,335.94830299999995,37.275952000000004,0.0,0.06514,Zhisen,True
212710,48:23.3,4.84,116.197704,0.0,0.044174,-1.276764,-0.29939299999999996,1.312141,32.877642,-117.213877,337.033417,37.454522999999995,0.0,0.06514,Zhisen,True
212566,48:06.2,16.66,116.08698700000001,0.0,-0.030716000000000004,-0.742767,-0.370438,0.830585,32.878091,-117.212166,251.53581200000002,44.690359,0.0,0.06514,Zhisen,True
220461,51:19.1,0.34,113.009533,0.0,0.152161,-0.8218690000000001,-0.261581,0.875812,32.878209999999996,-117.21431399999999,190.185669,53.547953,70.822815,0.021486,Zhisen,True
211975,46:59.1,14.13,123.28596100000001,0.0,0.078644,-1.108917,-0.299744,1.1514030000000002,32.878459,-117.207509,315.796173,37.194889,0.0,0.06514,Zhisen,True
212004,47:02.0,12.82,124.032909,0.0,-0.053375,-0.7675930000000001,-0.279846,0.818757,32.87869,-117.207551,313.658844,37.814147999999996,0.0,0.06514,Zhisen,True
260708,44:40.1,1.02,109.32593899999999,0.0,0.049759,-0.808441,-0.151062,0.823937,32.878853,-117.214199,110.005257,23.733722,74.664291,0.0017399999999999998,Zhisen,True
260609,44:30.2,4.3,107.722668,0.0,0.0271,-0.782166,-0.091293,0.787941,32.879087,-117.21439099999999,102.378807,21.120729,77.539139,0.001611,Zhisen,True
260608,44:30.1,3.94,107.18696200000001,0.0,-0.141907,-1.13678,-0.129349,1.152882,32.879114,-117.214418,102.378807,21.120729,79.915314,0.001605,Zhisen,True
260380,44:07.3,11.55,109.939953,0.0,-0.056442,-1.0858459999999999,-0.356323,1.144209,32.879234000000004,-117.214734,271.82757599999997,51.579825,78.750893,0.001621,Zhisen,True
260399,44:09.2,7.73,109.91859099999999,0.0,-0.426483,-1.152466,-0.315704,1.268753,32.879357,-117.21486499999999,284.568573,49.370791,79.788361,0.001596,Zhisen,True
260889,44:58.2,10.99,109.234753,0.0,0.207855,-1.1403809999999999,-0.493622,1.259895,32.87939,-117.21490800000001,271.465485,21.322347,82.676392,0.0017059999999999998,Zhisen,True
218391,47:52.1,2.3,109.75831200000002,0.0,0.096603,-0.83815,-0.192551,0.865392,32.879391,-117.215271,157.854691,50.550968,74.30658000000001,0.021908,Zhisen,True
218112,47:24.2,0.58,107.36066799999999,0.0,0.043625,-1.1331790000000002,-0.08859299999999999,1.137473,32.879703000000006,-117.215818,143.707565,47.92672,72.973015,0.004627,Zhisen,True
217791,46:52.1,1.46,108.122143,0.0,0.094177,-0.791245,-0.251846,0.8356819999999999,32.879736,-117.21588700000001,143.707565,47.92672,70.547539,0.010365000000000001,Zhisen,True
261068,45:16.1,1.23,107.33649799999999,0.0,-0.063263,-1.097977,-0.334702,1.1496,32.879907,-117.21556499999998,350.48053,27.15076,76.99569699999999,0.001709,Zhisen,True
261069,45:16.2,1.3,107.072704,0.0,0.038544,-0.770187,-0.261292,0.8142159999999999,32.879919,-117.21556100000001,350.48053,27.15076,75.43881999999999,0.0017219999999999998,Zhisen,True
248612,49:05.2,12.18,105.99781399999999,0.0,-0.169128,-1.29805,-0.22163400000000003,1.327652,32.879948999999996,-117.21596799999999,282.717133,42.395815,82.159927,0.081209,Zhisen,True
247774,25:36.1,6.17,103.036816,0.0,-0.43615699999999996,-1.120132,-0.261398,1.230146,32.879959,-117.215988,307.75527999999997,20.947001,75.93998,0.20285999999999998,Zhisen,True
261109,45:20.2,1.66,107.36201100000001,0.0,0.107117,-1.136093,-0.22950700000000002,1.163983,32.879962,-117.215585,293.23175,28.260464000000002,74.295212,0.0015810000000000002,Zhisen,True
217412,46:14.2,0.0,107.38801200000002,0.0,0.114792,-1.121262,-0.135773,1.13527,32.879964,-117.21637,141.693634,48.728522999999996,71.745407,0.018082,Zhisen,True
250082,51:32.2,15.02,107.661022,0.0,-0.023315,-0.759125,0.017334,0.759681,32.879984,-117.21838100000001,166.708054,45.508615999999996,78.119293,0.078493,Zhisen,True
215601,43:13.1,2.51,109.355846,0.0,0.203552,-0.831543,-0.187973,0.8764879999999999,32.880029,-117.216089,306.199829,49.548213,80.529427,0.024586,Zhisen,True
215602,43:13.2,3.71,108.75043899999999,0.0,-0.054932,-1.139313,0.098892,1.144915,32.880045,-117.21613700000002,307.440277,49.004669,77.102127,0.021008000000000002,Zhisen,True
217021,45:35.1,1.42,106.429882,0.0,0.03067,-1.137283,-0.085815,1.140929,32.880056,-117.216567,124.46727,48.205076,71.367584,0.01763,Zhisen,True
248671,49:11.1,11.87,105.945629,0.0,0.061249,-1.329788,-0.042068,1.331863,32.880226,-117.216544,281.664124,42.684758,81.97805799999999,0.089166,Zhisen,True
215660,43:19.0,10.1,108.208019,0.0,-0.029968,-0.8528290000000001,-0.034042,0.854034,32.880241,-117.216576,314.866455,49.133168,79.560265,0.006998000000000001,Zhisen,True
215661,43:19.1,10.13,107.772228,0.0,0.058182000000000005,-1.224243,-0.040466,1.226293,32.880284,-117.21666499999999,313.832336,48.119017,78.795715,0.004077,Zhisen,True
213904,50:35.1,4.1,110.27033600000001,0.0,-0.100006,-1.154404,0.16755699999999998,1.170779,32.88046,-117.216973,296.372284,42.353396999999994,0.0,0.06514,Zhisen,True
213905,50:35.2,6.06,109.57386399999999,0.0,-0.100006,-1.154404,0.16755699999999998,1.170779,32.880477,-117.217032,296.372284,42.353396999999994,0.0,0.06514,Zhisen,True
248751,49:19.1,5.68,106.693371,0.0,-0.030746,-1.251328,-0.32658400000000004,1.293608,32.880576,-117.217281,280.662781,43.340472999999996,74.135643,0.069505,Zhisen,True
248752,49:19.2,3.48,106.64576299999999,0.0,0.008881,-1.09375,-0.337555,1.144688,32.880590999999995,-117.21731299999999,280.662781,43.340472999999996,77.380882,0.069548,Zhisen,True
250001,51:24.1,8.92,108.66547800000001,0.0,0.10488900000000001,-1.359528,-0.105972,1.367679,32.880834,-117.218197,187.230927,46.441932,83.047066,0.067496,Zhisen,True
481731,05:24.1,38.900002,66.026257,1008.055267,0.012237999999999999,-0.8116,-0.313538,0.870143,32.88687,-117.22791799999999,174.55281100000002,56.934166000000005,0.0,0.0,Erik,True
132274,30:21.1,35.470001,144.306709,999.604111,0.055695,-0.7310939999999999,-0.371872,0.822125,32.889629,-117.113654,146.161926,21.14958,0.0,0.0,Erik,True
290757,39:38.0,18.76,151.62976799999998,996.044769,-0.009018,-0.8241120000000001,-0.264694,0.865624,32.893728,-117.120395,77.30931899999999,79.119792,0.0,0.0,Erik,True
290758,39:38.2,18.030001000000002,151.06061599999998,996.044769,0.058303999999999995,-1.004517,-0.611176,1.1772799999999999,32.893746,-117.12021499999999,77.30931899999999,79.119792,0.0,0.0,Erik,True
285091,07:27.2,23.24,147.70343799999998,995.378265,0.306015,-1.047668,-0.818283,1.364127,32.893863,-117.125114,256.95806899999997,52.896925,0.0,0.0,Erik,True
285034,07:21.1,21.360001,150.23597,995.531693,0.044373,-0.931198,-0.6774140000000001,1.152384,32.893865999999996,-117.12338700000001,258.992188,40.435888,0.0,0.0,Erik,True
285090,07:27.1,23.33,148.283821,995.378265,0.306015,-1.047668,-0.818283,1.364127,32.893869,-117.12486299999999,256.95806899999997,52.896925,0.0,0.0,Erik,True
132115,30:05.1,36.200001,140.669502,1000.004807,-0.007873999999999999,-0.9884799999999999,-0.6140899999999999,1.163727,32.894548,-117.115602,156.34489399999998,17.099945,0.0,0.0,Erik,True
132114,30:05.0,36.200001,140.82965900000002,1000.004807,-0.007873999999999999,-0.9884799999999999,-0.6140899999999999,1.163727,32.894884999999995,-117.115705,156.34489399999998,17.099945,0.0,0.0,Erik,True
414831,03:53.0,15.93,127.67609499999999,999.970398,0.179565,-0.6239779999999999,-0.43344099999999997,0.7806810000000001,32.89665,-117.135903,297.531494,21.480404999999998,0.0,0.151843,Daniel,True
359348,29:57.1,16.0,140.074674,997.971573,0.13359100000000002,-1.020233,-0.595306,1.188744,32.897048999999996,-117.12641699999999,80.393875,44.782053999999995,0.0,0.123019,Daniel,True
359347,29:57.1,15.81,140.24869099999998,997.971573,0.13359100000000002,-1.020233,-0.595306,1.188744,32.897058,-117.12658200000001,80.393875,44.782053999999995,0.0,0.123019,Daniel,True
357762,26:55.2,19.700001,108.701842,1002.125549,-0.023773,-1.11235,-0.304321,1.153473,32.897807,-117.138718,106.45549,45.279726000000004,0.0,0.123019,Daniel,True
357761,26:55.1,19.6,107.83860700000001,1002.125549,0.032974,-1.455902,0.290634,1.4849940000000001,32.897892999999996,-117.138908,106.45549,45.279726000000004,0.0,0.123019,Daniel,True
75690,15:56.0,36.700001,131.959846,997.590714,0.001709,-1.1460569999999999,0.17155499999999999,1.158827,32.905317,-117.11623700000001,356.269257,39.895139,0.0,0.0,Erik,True
480511,03:08.3,37.380001,21.180481,1014.213333,0.018692,-1.121765,-0.553146,1.2508709999999998,32.921543,-117.23819499999999,144.31182900000002,18.865425,0.0,0.0,Erik,True
480427,02:59.2,35.900002,13.735657000000002,1015.151978,0.054871,-0.772369,-0.379807,0.862449,32.924328,-117.239446,152.43313600000002,9.57795,0.0,0.0,Erik,True
480426,02:59.0,35.700001,13.263611,1015.151978,-0.02417,-1.0880889999999999,-0.42480500000000004,1.168324,32.924644,-117.239557,152.43313600000002,9.57795,0.0,0.0,Erik,True
88411,02:22.1,36.720001,163.762733,995.903015,-0.029755,-1.059769,-0.501572,1.172847,32.925606,-117.114823,179.716827,18.208094,0.0,0.0,Erik,True
480195,02:34.2,28.23,15.033875,1014.5541380000001,0.025742,-0.9884799999999999,-0.579544,1.1461350000000001,32.931373,-117.24109399999999,192.519073,78.781614,0.0,0.0,Erik,True
480019,02:15.1,26.030001000000002,10.716614,1015.132751,0.012222,-1.058182,-0.415497,1.1368969999999998,32.934466,-117.236768,235.810425,26.338492,0.0,0.0,Erik,True
47182,45:01.9,29.58,133.63987,998.262863,-0.058884000000000006,-0.776047,-0.37141399999999997,0.86236,32.93977,-117.110445,184.28765900000002,72.6694,0.0,0.0,Erik,True
130587,27:31.1,35.450001,122.52127800000001,1002.4890140000001,0.044479000000000005,-0.702286,-0.309662,0.768813,32.943864000000005,-117.108892,194.847946,21.873223,0.0,0.0,Erik,True
47025,44:46.1,31.76,113.274147,1000.136032,0.06762699999999999,-0.817825,-0.270111,0.863928,32.943963000000004,-117.108741,193.368042,68.309635,0.0,0.0,Erik,True
130568,27:29.2,34.669998,122.29142,1002.7549740000001,0.037537,-0.700638,-0.356567,0.787047,32.944445,-117.10858300000001,196.904358,23.713339,0.0,0.0,Erik,True
128603,24:10.3,34.959998999999996,144.044411,999.3314359999999,-0.054916,-0.722214,-0.351929,0.805272,32.953603,-117.131422,73.436996,73.26002199999999,0.0,0.0,Erik,True
129840,26:16.1,25.049999,165.923645,998.7778470000001,-0.054535,-0.799042,-0.336258,0.868626,32.962697999999996,-117.09725700000001,196.854446,101.02729599999999,0.0,0.0,Erik,True
86312,58:18.0,28.17,216.735596,990.3723140000001,0.12721300000000002,-1.083313,-0.34573400000000004,1.144239,32.996476,-117.08398799999999,168.41523700000002,148.367065,0.0,0.0,Erik,True
78962,21:38.1,26.139999,203.383064,990.9701539999999,-0.39009099999999997,-1.190857,0.334305,1.2969469999999998,32.999984999999995,-117.086344,306.56777999999997,42.111142,0.0,0.0,Erik,True
79087,21:50.9,27.860001,195.251472,992.121582,-0.028336,-1.1299290000000002,0.123474,1.137008,33.001909999999995,-117.08893400000001,306.56777999999997,42.111142,0.0,0.0,Erik,True
466998,38:57.1,27.280001000000002,96.921791,1005.798798,0.0811,-1.1018370000000002,-0.267532,1.1367479999999999,33.005334000000005,-117.14553000000001,198.884491,230.47931200000002,0.0,0.0,Erik,True
295996,49:02.0,27.629998999999998,208.96020900000002,989.3099980000001,-0.271561,-1.035416,-0.446716,1.159908,33.007782,-117.094421,312.63415499999996,37.925798,0.0,0.0,Erik,True
295997,49:02.2,27.26,209.512516,989.3099980000001,-0.264404,-1.0225520000000001,-0.580322,1.2051129999999999,33.007979999999996,-117.094609,312.63415499999996,37.925798,0.0,0.0,Erik,True
43390,38:40.1,33.52,184.060246,992.993927,-0.057419000000000005,-1.0369110000000001,-0.527756,1.164907,33.01191,-117.080055,174.000259,26.55663,0.0,0.0,Erik,True
79717,22:57.0,29.209999,201.76899,990.967255,-0.016693,-1.172241,0.173981,1.185199,33.012054,-117.100812,294.343964,48.44943,0.0,0.0,Erik,True
79718,22:57.1,30.74,201.665413,990.967255,-0.068604,-1.152023,0.139709,1.16249,33.012189,-117.10110700000001,294.343964,48.44943,0.0,0.0,Erik,True
43311,38:32.1,28.68,181.346561,993.8224789999999,0.082535,-1.130264,-0.26771500000000004,1.164466,33.014308,-117.07981399999998,176.01448100000002,2.574944,0.0,0.0,Erik,True
43310,38:32.0,27.959999,180.766422,993.8224789999999,0.048279,-1.11554,-0.28978000000000004,1.153573,33.01457,-117.07978200000001,176.01448100000002,2.574944,0.0,0.0,Erik,True
82935,52:03.1,1.59,159.274879,998.148727,-0.162903,-1.087265,-0.341873,1.15133,33.018542,-117.137744,267.14395099999996,40.869779,0.0,0.0,Erik,True
82936,52:03.1,1.79,159.383156,998.148727,-0.162903,-1.087265,-0.341873,1.15133,33.018549,-117.13776000000001,267.14395099999996,40.869779,0.0,0.0,Erik,True
83205,52:32.1,15.26,162.269386,997.531891,0.024368,-1.0840610000000002,-0.458267,1.177196,33.019003000000005,-117.135526,76.428787,53.071470999999995,0.0,0.0,Erik,True
299473,55:11.1,19.52,164.16544299999998,994.821091,-0.079239,-0.76915,-0.33572399999999997,0.842959,33.019147,-117.13415400000001,259.792908,44.908019,0.0,0.0,Erik,True
299474,55:11.1,18.42,164.514259,994.821091,-0.079239,-0.76915,-0.33572399999999997,0.842959,33.019148,-117.134351,259.792908,44.908019,0.0,0.0,Erik,True
40615,34:00.1,19.030001000000002,197.412418,992.3522949999999,0.017807,-0.771667,-0.259171,0.814222,33.021651,-117.09793700000002,54.028034,72.545348,0.0,0.0,Erik,True
298839,54:04.1,25.879998999999998,150.244301,996.145935,-0.15773,-0.806519,-0.291367,0.871921,33.021806,-117.12953799999998,257.795959,66.32436899999999,0.0,0.0,Erik,True
298840,54:04.1,25.030001000000002,151.14615600000002,996.145935,-0.15773,-0.806519,-0.291367,0.871921,33.021809999999995,-117.12982,258.82861299999996,106.367144,0.0,0.0,Erik,True
41757,35:55.0,8.2,176.606404,995.345383,-0.034149,-1.165009,-0.541748,1.2852629999999998,33.022556,-117.085522,115.683792,78.304437,0.0,0.0,Erik,True
